Name,Code
BGF리테일,282330
CJ제일제당,097950
DRB동일,004840
E1,017940
HDC,012630
HD현대마린솔루션,443060
KPX홀딩스,092230
LG화학,051910
LIG넥스원,079550
NAVER,035420
NH투자증권,005940
OCI홀딩스,010060
SG글로벌,001380
SK,034730
SNT다이내믹스,003570
STX엔진,077970
경동나비엔,009450
국동,005320
국보,001140
극동유화,014530
남양유업,003920
대웅제약,069620
대원강업,000430
대원전선,006340
대한방직,001070
대한유화,006650
대한제분,001130
대한항공,003490
동성케미컬,102260
동원금속,018500
동원수산,030720
동원시스템즈,014820
동일고무벨트,163560
두산에너빌리티,034020
디아이동일,001530
디와이파워,210540
락앤락,115390
롯데케미칼,011170
보락,002760
보령,003850
사조대림,003960
삼성출판사,068290
삼성카드,029780
삼영,003720
삼원강재,023000
서연,007860
서울도시가스,017390
서원,021050
세아제강지주,003030
송원산업,004430
수산인더스트리,126720
신대양제지,016590
신세계건설,034300
아세아,002030
아세아제지,002310
아이마켓코리아,122900
아이에이치큐,003560
에쓰씨엔지니어링,023960
영풍,000670
오리온,271560
오리온홀딩스,001800
우성,006980
우진,105840
윌비스,008600
유니퀘스트,077500
이구산업,025820
인스코비,006490
제이알글로벌리츠,348950
종근당홀딩스,001630
진도,088790
진양산업,003780
진원생명과학,011000
천일고속,000650
케이비아이동국실업,001620
코람코라이프인프라리츠,357120
코오롱,002020
코웨이,021240
크라운해태홀딩스,005740
키움증권,039490
티비에이치글로벌,084870
티와이홀딩스,363280
한국자산신탁,123890
한국전자홀딩스,006200
한국종합기술,023350
한성기업,003680
한세엠케이,069640
한솔홀딩스,004150
한온시스템,018880
한일철강,002220
한창,005110
한화손해보험,000370
현대엘리베이터,017800
현대퓨처넷,126560
화성산업,002460
화승코퍼레이션,013520
화천기계,010660
휴스틸,005010
흥아해운,003280
GRT,900290
HLB생명과학,067630
HLB제약,047920
HLB테라퓨틱스,115450
KB제28호스팩,476470
LS마린솔루션,060370
LS머트리얼즈,417200
S&K폴리텍,091340
SAMG엔터,419530
SCL사이언스,246960
SGA솔루션즈,184230
SK증권제10호스팩,457940
SK증권제12호스팩,473000
SK증권제8호스팩,435870
TJ미디어,032540
iMBC,052220
가온그룹,078890
고스트스튜디오,950190
그린생명과학,114450
네오셈,253590
네오오토,212560
네오위즈홀딩스,042420
네오티스,085910
네패스아크,330860
누리플랜,069140
다산네트웍스,039560
다원시스,068240
대동스틸,048470
대성미생물,036480
대원미디어,048910
데브시스터즈,194480
동방선기,099410
동성화인텍,033500
동아엘텍,088130
동원개발,013120
두산테스나,131970
딥노이드,315640
라온시큐어,042510
래몽래인,200350
마녀공장,439090
모비스,250060
미코바이오메드,214610
밀리의서재,418470
바디텍메드,206640
바른손이앤에이,035620
바이오인프라,199730
보광산업,225530
보라티알,250000
보로노이,310210
보성파워텍,006910
브이씨,365900
블루콤,033560
비즈니스온,138580
비피도,238200
삼기이브이,419050
삼성스팩9호,468510
삼천리자전거,024950
상신이디피,091580
서울전자통신,027040
서호전기,065710
성우하이텍,015750
성호전자,043260
세림B&G,340440
세코닉스,053450
세토피아,222810
센서뷰,321370
셀피글로벌,068940
소프트센,032680
슈프리마,236200
스킨앤스킨,159910
시큐레터,418250
심텍홀딩스,036710
쏠리드,050890
씨엔알리서치,359090
아미코젠,092040
아스플로,159010
아이씨디,040910
아이앤씨,052860
아이에이,038880
아이진,185490
아이큐어,175250
아진엑스텍,059120
알로이스,297570
앤디포스,238090
에너토크,019990
에스바이오메딕스,304360
에스아이리소스,065420
에스에너지,095910
에스엠코어,007820
에스와이,109610
에스제이그룹,306040
에스퓨얼셀,288620
에이디엠코리아,187660
에이비엘바이오,298380
에이비프로바이오,195990
에이에스텍,453860
에이치엠씨제6호스팩,462020
에이팩트,200470
에코바이오,038870
에코프로,086520
에프앤가이드,064850
에프엔씨엔터,173940
에프엔에스테크,083500
엑사이엔씨,054940
엔시스,333620
엔에이치스팩29호,451700
엔젤로보틱스,455900
엔터파트너즈,058450
엔피,291230
엘엠에스,073110
엠브레인,169330
예림당,036000
오르비텍,046120
오비고,352910
와이엠티,251370
와이지-원,019210
우림피티에스,101170
원바이오젠,307280
원일특강,012620
원준,382840
웨이브일렉트로,095270
웰크론,065950
위닉스,044340
위더스제약,330350
위세아이텍,065370
위지윅스튜디오,299900
유에스티,263770
유진스팩9호,442130
유진테크,084370
율호,072770
이노룰스,296640
이렘,009730
이루다,164060
이상네트웍스,080010
이원컴포텍,088290
이화공영,001840
인베니아,079950
인크로스,216050
일지테크,019540
잉글우드랩,950140
잉크테크,049550
자연과환경,043910
자이언트스텝,289220
정상제이엘에스,040420
제넥신,095700
제닉,123330
제로투세븐,159580
제우스,079370
제이브이엠,054950
조아제약,034940
지아이이노베이션,358570
진영,285800
참좋은여행,094850
창해에탄올,004650
초록뱀미디어,047820
캐리소프트,317530
케이씨티,089150
케이엔더블유,105330
케이엘넷,039420
켄코아에어로스페이스,274090
켐트로닉스,089010
코디,080530
코메론,049430
코아시아,045970
코오롱생명과학,102940
코윈테크,282880
퀀텀온,227100
큐알티,405100
태웅,044490
테크엘,064520
티에스이,131290
티이엠씨씨엔에스,241790
파워로직스,047310
파인디앤씨,049120
파인테크닉스,106240
파커스,065690
팬엔터테인먼트,068050
펩트론,087010
포스코엠텍,009520
폴라리스AI파마,041910
푸른저축은행,007330
피에스케이,319660
피엔티,137400
핀텔,291810
핑거,163730
하나26호스팩,446750
하나금융22호스팩,418170
하나마이크론,067310
하이딥,365590
하이제8호스팩,450050
하이즈항공,221840
한국선재,025550
한국정보통신,025770
한국큐빅,021650
한글과컴퓨터,030520
한네트,052600
한라IMS,092460
한일단조,024740
한일화학,007770
한창산업,079170
헝셩그룹,900270
현대바이오랜드,052260
휴먼테크놀로지,175140
휴온스글로벌,084110
HLB사이언스,343090
노브메타파마,229500
라피치,403360
로지스몬,223220
루트락,253610
아이오바이오,447690
에스제이켐,217910
유니포인트,121060
코스텍시스템,169670
탈로스,434190
판도라티비,202960
AK홀딩스,006840
BYC,001460
CJ,001040
DGB금융지주,139130
ESR켄달스퀘어리츠,365550
GS건설,006360
HD현대일렉트릭,267260
HL만도,204320
KEC,092220
LG생활건강,051900
LG에너지솔루션,373220
NH프라임리츠,338100
STX,011810
TCC스틸,002710
WISCOM,024070
계룡건설산업,013580
금비,008870
남선알미늄,008350
남성,004270
농심,004370
대구백화점,006370
대동,000490
대동전자,008110
대림비앤코,005750
대상홀딩스,084690
대성산업,128820
대웅,003090
대창단조,015230
대한해운,005880
더존비즈온,012510
덕성,004830
동아타이어,282690
동원F&B,049770
동인기연,111380
두산밥캣,241560
명신산업,009900
미래에셋맵스리츠,357250
미래에셋증권,006800
벽산,007210
부산산업,011390
삼양홀딩스,000070
삼천리,004690
삼화콘덴서공업,001820
서울식품공업,004410
성안머티리얼스,011300
셀트리온,068270
수산중공업,017550
씨티알모빌리티,308170
아모레퍼시픽,090430
아주스틸,139990
에스디바이오센서,137310
에스제이지세종,033530
에어부산,298690
엔피씨,004250
영풍제지,006740
오리엔트바이오,002630
와이투솔루션,011690
유진증권,001200
유한양행,000100
이수스페셜티케미컬,457190
이수화학,005950
이스타코,015020
이월드,084680
일성건설,013360
일진디스플,020760
주성코퍼레이션,109070
케이티앤지,033780
코스맥스,192820
코스모신소재,005070
크래프톤,259960
태림포장,011280
태영건설,009410
포스코인터내셔널,047050
프레스티지바이오파마,950210
하이트론씨스템즈,019490
한국석유공업,004090
한국수출포장공업,002200
한국전력공사,015760
한농화성,011500
한솔케미칼,014680
한솔테크닉스,004710
한일시멘트,300720
한전KPS,051600
한창제지,009460
한화오션,042660
현대그린푸드,453340
현대글로비스,086280
현대차증권,001500
현대코퍼레이션,011760
현대해상,001450
혜인,003010
화천기공,000850
효성,004800
CMG제약,058820
DH오토웨어,025440
DXVX,180400
EDGC,245620
ISC,095340
KB제26호스팩,458320
KD,044180
KX,122450
MDS테크,086960
MIT,038340
NE능률,053290
SBI인베스트먼트,019550
SCI평가정보,036120
SGA,049470
THE E&M,089230
YW,051390
감성코퍼레이션,036620
갤럭시아머니트리,094480
골프존,215000
골프존뉴딘홀딩스,121440
그래디언트,035080
그리티,204020
기가레인,049080
나노신소재,121600
나무가,190510
내츄럴엔도텍,168330
넥스틴,348210
녹십자웰빙,234690
대봉엘에스,078140
대양제지,006580
대한광통신,010170
대화제약,067080
덕우전자,263600
덴티스,261200
동진쎄미켐,005290
동화기업,025900
디딤이앤에프,217620
디알젬,263690
디알텍,214680
디에스케이,109740
디에이테크놀로지,196490
디지캡,197140
디지틀조선,033130
라온텍,418420
라이온켐텍,171120
레이저쎌,412350
로보티즈,108490
리메드,302550
링크드,193250
멀티캠퍼스,067280
메이슨캐피탈,021880
메지온,140410
모비릭스,348030
무림SP,001810
미래에셋비전스팩4호,477380
민테크,452200
바른손,018700
배럴,267790
부스타,008470
블루엠텍,439580
비츠로시스,054220
삼성스팩8호,448740
삼아제약,009300
삼영에스앤씨,361670
상아프론테크,089980
상지건설,042940
서울리거,043710
서울바이오시스,092190
서플러스글로벌,140070
서한,011370
선익시스템,171090
세보엠이씨,011560
세아메카닉스,396300
스카이문스테크놀로지,033790
스타플렉스,115570
스톤브릿지벤처스,330730
스튜디오드래곤,253450
시너지이노베이션,048870
신성에스티,416180
신시웨이,290560
신흥에스이씨,243840
심텍,222800
썸에이지,208640
쎄트렉아이,099320
씨유박스,340810
씨티씨바이오,060590
아바코,083930
아시아경제,127710
아이디스,143160
아이쓰리시스템,214430
아이씨에이치,368600
아이씨티케이,456010
아이엠,101390
아이엠비디엑스,461030
아즈텍WB,032080
안국약품,001540
알엔투테크놀로지,148250
알톤,123750
알티캐스트,085810
알피바이오,314140
애니젠,196300
액션스퀘어,205500
액토즈소프트,052790
에스씨디,042110
에스앤디,260970
에스에이엠티,031330
에스에이티이엔지,351320
에스와이스틸텍,365330
에이비온,203400
에이티넘인베스트,021080
에이프로,262260
에코플라스틱,038110
엑스플러스,373200
엔바이오니아,317870
엔브이에이치코리아,067570
엔시트론,101400
엔케이맥스,182400
엔텔스,069410
엘티씨,170920
엠벤처투자,019590
오가닉티코스메틱,900300
오스템,031510
오픈베이스,049480
와이랩,432430
와이오엠,066430
와이지엔터테인먼트,122870
우양,103840
우진엔텍,457550
원익홀딩스,030530
원티드랩,376980
웹스,196700
웹젠,069080
유비벨록스,089850
유안타제10호스팩,435380
유일로보틱스,388720
이글루,067920
이노뎁,303530
이미지스,115610
이엠넷,123570
이지트로닉스,377330
인바이오,352940
인터로조,119610
인텔리안테크,189300
인트론바이오,048530
일월지엠엘,178780
자람테크놀로지,389020
자이글,234920
제너셈,217190
제이씨케미칼,137950
제이엠티,094970
젠큐릭스,229000
중앙첨단소재,051980
지앤비에스 에코,382800
청담글로벌,362320
커넥트웨이브,119860
컬러레이,900310
케이엔에스,432470
케이티알파,036030
케이프,064820
코스나인,082660
코칩,126730
퀀타피아,078940
큐라클,365270
큐로셀,372320
큐리언트,115180
키움제7호스팩,433530
키이스트,054780
탑머티리얼,360070
태웅로직스,124560
테고사이언스,191420
테라젠이텍스,066700
토박스코리아,215480
토탈소프트,045340
티씨케이,064760
티엘비,356860
티움바이오,321550
티이엠씨,425040
파마리서치,214450
파인텍,131760
펄어비스,263750
포바이포,389140
포인트모바일,318020
포커스에이치엔에스,331380
폴라리스오피스,041020
플라즈맵,405000
플레이디,237820
피앤씨테크,237750
피엔티엠에스,257370
피제이메탈,128660
피코그램,376180
하나28호스팩,454750
한국정보인증,053300
한국테크놀로지,053590
한빛레이저,452190
한탑,002680
해성산업,034810
현대에이치티,039010
홈센타홀딩스,060560
홈캐스트,064240
효성오앤비,097870
휴럼,353190
휴엠앤씨,263920
흥구석유,024060
흥국,010240
관악산업,076340
대동고려삼,178600
더콘텐츠온,302920
바스칸바이오제약,354390
삼미금속,012210
아퓨어스,149300
에스엘테라퓨틱스,258540
엔에스엠,238170
오건에코텍,212310
위월드,140660
유엑스엔,337840
진코스텍,250030
태양3C,052960
프로젠,296160
BNK금융지주,138930
CJ씨푸드,011150
DL,000210
DL이앤씨,375500
HDC현대EP,089470
HD현대중공업,329180
HMM,011200
KC코트렐,119650
KSS해운,044450
LG유플러스,032640
LG전자,066570
OCI,456040
S-Oil,010950
SK디스커버리,006120
SK디앤디,210980
SK케미칼,285130
TYM,002900
YG PLUS,037270
남해화학,025860
녹십자,006280
다우기술,023590
대교,019680
대덕,008060
대영포장,014160
대원제약,003220
대유플러스,000300
동남합성,023450
동아쏘시오홀딩스,000640
동아에스티,170900
동원산업,006040
동일산업,004890
디아이씨,092200
롯데웰푸드,280360
모토닉,009680
미원홀딩스,107590
미창석유공업,003650
삼성FN리츠,448730
삼성중공업,010140
삼양사,145990
삼영전자공업,005680
삼호개발,010960
삼화왕관,004450
샘표,007540
서연이화,200880
선도전기,007610
세기상사,002420
세우글로벌,013000
세원정공,021820
스틱인베스트먼트,026890
신일전자,002700
신한서부티엔디리츠,404990
신한지주,055550
아세아시멘트,183190
에넥스,011090
에이프로젠바이오로직스,003060
엔케이,085310
엘에스일렉트릭,010120
우진아이엔에스,010400
유니드비티플러스,446070
유니온머티리얼,047400
율촌화학,008730
이건산업,008250
이수페타시스,007660
이아이디,093230
이지스밸류플러스리츠,334890
인팩,023810
일동홀딩스,000230
일진홀딩스,015860
잇츠한불,226320
제주항공,089590
청호ICT,012600
카카오페이,377300
케이씨씨,002380
케이씨텍,281820
케이탑리츠,145270
케이티스카이라이프,053210
코오롱모빌리티그룹,450140
쿠쿠홈시스,284740
파미셀,005690
팬오션,028670
포스코퓨처엠,003670
하이트진로홀딩스,000140
한국제지,027970
한국콜마,161890
한미글로벌,053690
한섬,020000
한일홀딩스,003300
한화갤러리아,452260
한화생명,088350
해태제과식품,101530
현대모비스,012330
현대백화점,069960
현대자동차,005380
휠라홀딩스,081660
CJ프레시웨이,051500
CNT85,056730
DH오토리드,290120
GST,083450
HB솔루션,297890
HB테크놀러지,078150
HLB,028300
IBKS제23호스팩,467930
IBKS제24호스팩,469480
KBI메탈,024840
KB오토시스,024120
KCC건설,021320
KH 미래물산,111870
KX하이텍,052900
LB루셈,376190
LK삼양,225190
NPX,222160
SGC E&C,016250
SK증권제11호스팩,472230
TPC,048770
TS트릴리온,317240
YTN,040300
강스템바이오텍,217730
경남스틸,039240
경동제약,011040
공구우먼,366030
광무,029480
구영테크,053270
국일제지,078130
나이벡,138610
나이스정보통신,036800
남화산업,111710
남화토건,091590
네이블,153460
노바텍,285490
누리플렉스,040160
뉴파워프라즈마,144960
다보링크,340360
대림제지,017650
대성하이텍,129920
대신밸런스제17호스팩,471050
대신정보통신,020180
대아티아이,045390
대창솔루션,096350
대창스틸,140520
더블유에스아이,299170
덕산하이메탈,077360
동국제약,086450
동아화성,041930
드림시큐리티,203650
디모아,016670
디바이스이엔지,187870
디지아이,043360
디케이앤디,263020
딜리,131180
라온테크,232680
라이콤,388790
라이프시맨틱스,347700
랩지노믹스,084650
레이크머티리얼즈,281740
로체시스템즈,071280
리가켐바이오,141080
매커스,093520
모다이노칩,080420
모아데이타,288980
모코엠시스,333050
미래에셋비전스팩1호,412930
미래에셋비전스팩3호,448830
바이브컴퍼니,301300
바이오니아,064550
바이오플러스,099430
베셀,177350
브레인즈컴퍼니,099390
브이엠,089970
비씨엔씨,146320
비에이치아이,083650
빅솔론,093190
빅텍,065450
사람인,143240
삼성스팩6호,425290
상상인,038540
서남,294630
서린바이오,038070
선광,003100
성우전자,081580
성우테크론,045300
세니젠,188260
센코,347000
셀레믹스,331920
소마젠,950200
손오공,066910
솔브레인,357780
솔브레인홀딩스,036830
솔트웨어,328380
스마트레이더시스템,424960
신성델타테크,065350
신영스팩10호,472220
신한제10호스팩,418210
신화콘텍,187270
쌍용정보통신,010280
씨싸이트,109670
씨앤투스,352700
씨이랩,189330
씨티프라퍼티,052300
아모텍,052710
아세아텍,050860
아셈스,136410
아스트,067390
아시아종묘,154030
아이컴포넌트,059100
아진산업,013310
아톤,158430
알멕,354320
알에스오토메이션,140670
애니플러스,310200
양지사,030960
어보브반도체,102120
에스넷,038680
에스디생명공학,217480
에스엘에스바이오,246250
에스유홀딩스,031860
에스코넥,096630
에스티아이,039440
에스피시스템스,317830
에이에프더블류,312610
에코아이,448280
에코캡,128540
에프에스티,036810
엑세스바이오,950130
엔에이치스팩25호,438580
엔에이치스팩26호,439410
엔지켐생명과학,183490
엠에프엠코리아,323230
엠케이전자,033160
영림원소프트랩,060850
오디텍,080520
오상자이엘,053980
옵투스제약,131030
와이엠씨,155650
와이즈버즈,273060
우리기술,032820
우리이앤엘,153490
우주일렉트로,065680
원익머트리얼즈,104830
웨스트라이즈,064090
윙스풋,335870
유비쿼스홀딩스,078070
유안타제13호스팩,449020
유진스팩10호,468760
유진테크놀로지,240600
이노메트리,302430
이에이트,418620
이오테크닉스,039030
이크레더블,092130
이퓨쳐,134060
인선이엔티,060150
인화정공,101930
일신바이오,068330
재영솔루텍,049630
정원엔시스,045510
제룡산업,147830
제이스코홀딩스,023440
제이시스메디칼,287410
제이앤티씨,204270
제이에스티나,026040
제이엠아이,033050
제일일렉트릭,199820
제테마,216080
좋은사람들,033340
진성티이씨,036890
진양제약,007370
카스,016920
카카오게임즈,293490
캐리,313760
캡스톤파트너스,452300
컨텍,451760
케이아이엔엑스,093320
케이웨더,068100
케일럼,258610
코데즈컴바인,047770
코리아에셋투자증권,190650
코맥스,036690
코스메카코리아,241710
코아시아씨엠,196450
코이즈,121850
코츠테크놀로지,448710
큐라티스,348080
큐에스아이,066310
크라우드웍스,355390
크리스에프앤씨,110790
클리노믹스,352770
키움제8호스팩,446840
텔레칩스,054450
툴젠,199800
티라유텍,322180
파멥신,208340
파수,150900
파이버프로,368770
파이오링크,170790
파인엠텍,441270
펌텍코리아,251970
폴라리스AI,039980
프로이천,321260
프로티아,303360
프리엠스,053160
플루토스,019570
피씨엘,241820
피에이치에이,043370
피피아이,062970
하나금융25호스팩,435620
하나머티리얼즈,166090
하이로닉,149980
하이록코리아,013030
하이텍팜,106190
하이퍼코퍼레이션,065650
한국기업평가,034950
한싹,430690
한울소재과학,091440
한컴위드,054920
한화플러스제4호스팩,455310
현대힘스,460930
휴림로봇,090710
휴온스,243070
힘스,238490
KC산업,112190
길교이앤씨,456700
나우코스,257990
노보믹스,283100
바이오프로테크,199290
세븐브로이맥주,267080
썬테크,217320
씨알푸드,236030
씨앗,103660
엔솔바이오사이언스,140610
엘리비젼,276240
이브이파킹서비스,419700
질경이,233990
테크트랜스,258050
틸론,217880
파마리서치바이오,217950
퓨쳐메디신,341170
CS홀딩스,000590
DB금융투자,016610
DS단석,017860
F&F,383220
HD한국조선해양,009540
JW중외제약,001060
KC그린홀딩스,009440
KH 필룩스,033180
KPX케미칼,025000
LX인터내셔널,001120
LX하우시스,108670
LX홀딩스,383800
NICE평가정보,030190
SK스퀘어,402340
SK이터닉스,475150
STX그린로지스,465770
SUN&L,002820
강남제비스코,000860
강원랜드,035250
경농,002100
경인양행,012610
고려제강,002240
광명전기,017040
교보증권,030610
금호에이치티,214330
다이나믹디자인,145210
대성홀딩스,016710
더블유게임즈,192080
덕양산업,024900
덴티움,145720
동국제강,460860
동아지질,028100
동양,001520
동양고속,084670
동양피스톤,092780
동화약품,000020
두산로보틱스,454910
두올,016740
디씨엠,024090
디아이,003160
롯데이노베이트,286940
맵스리얼티1,094800
메리츠금융지주,138040
메타랩스,090370
명문제약,017180
모나미,005360
무림P&P,009580
미래산업,025560
미래아이앤지,007120
미원상사,002840
미원화학,134380
부국철강,026940
사조동아원,008040
사조오양,006090
삼부토건,001470
삼성증권,016360
삼양패키징,272550
상신브레이크,041650
세아특수강,019440
신세계,004170
신세계I&C,035510
신송홀딩스,006880
신풍,002870
쌍용씨앤이,003410
쏘카,403550
아시아나IDT,267850
아시아나항공,020560
알루코,001780
애경케미칼,161000
에스엠벡셀,010580
에스제이엠홀딩스,025530
에이리츠,140910
에이블씨엔씨,078520
에이플러스에셋,244920
엘브이엠씨,900140
영진약품,003520
웅진,016880
유니드,014830
유안타증권,003470
인디에프,014990
인바이오젠,101140
일신석재,007110
일진다이아,081000
자화전자,033240
제이에스코퍼레이션,194370
제일기획,030000
조비,001550
조일알미늄,018470
조흥,002600
종근당,185750
주연테크,044380
지엠비코리아,013870
진양홀딩스,100250
카카오,035720
카프로,006380
케이씨티시,009070
케이티,030200
콤텍시스템,031820
키다리스튜디오,020120
티웨이항공,091810
팜스코,036580
팜젠사이언스,004720
페이퍼코리아,001020
하이브,352820
한국단자공업,025540
한국무브넥스,010100
한국앤컴퍼니,000240
한국주강,025890
한국타이어앤테크놀로지,161390
한미사이언스,008930
한미약품,128940
한솔제지,213500
한솔피엔에스,010420
한익스프레스,014130
해성디에스,195870
화승인더스트리,006060
3S,060310
CJ 바이오사이언스,311690
FSN,214270
GH신소재,130500
HPSP,403870
HRS,036640
IBKS제21호스팩,442770
IBKS제22호스팩,448760
JYP Ent.,035900
KBG,318000
KB제27호스팩,464680
KH바텍,060720
KNN,058400
LB인베스트먼트,309960
RF머트리얼즈,327260
SFA반도체,036540
THE MIDONG,161570
경남제약,053950
교보12호스팩,421800
교보14호스팩,456490
국영지앤엠,006050
국전약품,307750
까스텔바작,308100
꿈비,407400
나노엔텍,039860
나라셀라,405920
나스미디어,089600
넥스트칩,396270
노을,376930
다산솔루에타,154040
대산F&B,065150
대신밸런스제15호스팩,457390
대원,007680
대주전자재료,078600
대한뉴팜,054670
동국S&C,100130
디아이티,110990
디엔에이링크,127120
디엔에프,092070
디와이피엔에프,104460
디젠스,113810
디티씨,066670
디티앤씨알오,383930
라닉스,317120
레드캡투어,038390
레이,228670
로지시스,067730
루닛,328130
루멘스,038060
리드코프,012700
리파인,377450
마음AI,377480
마이크로디지탈,305090
마이크로컨텍솔,098120
매일유업,267980
맥스트,377030
메가스터디교육,215200
멕아이씨에스,058110
모헨즈,006920
미래에셋벤처투자,100790
바이오톡스텍,086040
밸로프,331520
뷰노,338220
블리츠웨이스튜디오,369370
비아이매트릭스,413640
삼목에스폼,018310
삼보산업,009620
삼영엠텍,054540
삼천당제약,000250
상상인제3호스팩,415580
샌즈랩,411080
서진시스템,178320
서진오토모티브,122690
성광벤드,014620
성창오토텍,080470
세경하이테크,148150
세운메디칼,100700
세원물산,024830
세종텔레콤,036630
세진티에스,067770
셀리드,299660
스맥,099440
스튜디오미르,408900
시공테크,020710
시큐브,131090
시큐센,232830
신라에스지,025870
신화인터텍,056700
실리콘투,257720
씨엑스아이,900120
씨엔플러스,115530
아가방컴퍼니,013990
아나패스,123860
아모센스,357580
아바텍,149950
아이스크림에듀,289010
아이에스이커머스,069920
아이즈비전,031310
아이퀘스트,262840
아이크래프트,052460
아이티센,124500
아이티아이즈,372800
안랩,053800
알리코제약,260660
알테오젠,196170
앤씨앤,092600
에스디시스템,121890
에스앤에스텍,101490
에스에이티,060540
에스엘에너지,214310
에스티팜,237690
에스피소프트,443670
에쎈테크,043340
에코프로에이치엔,383310
에프알텍,073540
엑스큐어,070300
엔지스테크널러지,208860
엔켐,348370
엔피케이,048830
엘디티,096870
엘컴텍,037950
엠투아이,347890
오로라,039830
오에스피,368970
오픈엣지테크놀로지,394280
와이솔,122990
와이씨켐,112290
우리산업홀딩스,072470
원익큐브,014190
위니아,071460
위메이드맥스,101730
유니트론텍,142210
유비온,084440
유성티엔에스,024800
유진기업,023410
유진스팩7호,388800
이노인스트루먼트,215790
이노진,344860
이니텍,053350
이닉스,452400
이루온,065440
이즈미디어,181340
이지케어텍,099750
이화전기,024810
인바디,041830
인지소프트,100030
인트로메딕,150840
인포뱅크,039290
장원테크,174880
저스템,417840
전진바이오팜,110020
제노코,361390
제이씨현시스템,033320
조광ILI,044060
조이시티,067000
지란지교시큐리티,208350
지씨셀,144510
지엔씨에너지,119850
지엘팜텍,204840
진매트릭스,109820
천보,278280
캐스텍코리아,071850
컴퍼니케이,307930
케이디켐,221980
케이옥션,102370
케이피에프,024880
케이피티유,054410
큐리옥스바이오시스템즈,445680
크리스탈신소재,900250
크린앤사이언스,045520
클래시스,214150
태광,023160
태성,323280
태양,053620
투비소프트,079970
티사이언티픽,057680
티에스아이,277880
티엔엔터테인먼트,131100
티엘아이,062860
티피씨글로벌,130740
팅크웨어,084730
파라다이스,034230
파트론,091700
팜스빌,318010
포시에스,189690
포인트엔지니어링,256630
폴라리스세원,234100
폴라리스우노,114630
퓨릿,445180
플래스크,041590
플레이위드,023770
피델릭스,032580
피에스텍,002230
피엔에이치테크,239890
피엔케이피부임상연구센타,347740
하나30호스팩,469880
한국맥널티,222980
한국전자인증,041460
한국정보공학,039740
한국제11호스팩,436610
한국제13호스팩,464440
한국컴퓨터,054040
한독크린텍,256150
한빛소프트,047080
한화플러스제3호스팩,430460
형지I&C,011080
화일약품,061250
휴메딕스,200670
휴센텍,215090
희림,037440
SK시그넷,260870
가이아코퍼레이션,296520
굿센,243870
나눔테크,244880
노드메이슨,317860
데이터스트림즈,199150
도부마스크,227420
듀켐바이오,176750
메디쎄이,200580
바이오텐,289170
뿌리깊은나무들,266170
셀젠텍,258250
수프로,185190
에스엠비나,299670
원포유,122830
이엠티,232530
인바이츠바이오코아,216400
코나솔,176590
코셋,189350
타이드,346010
타임기술,318660
탑선,180060
한국피아이엠,448900
BGF,027410
DB,012030
DSR,155660
DSR제강,069730
GS글로벌,001250
JW생명과학,234080
JW홀딩스,096760
KB스타리츠,432320
KISCO홀딩스,001940
LS에코에너지,229640
LX세미콘,108320
MH에탄올,023150
NICE,034310
PI첨단소재,178920
SBS,034120
SGC에너지,005090
SG세계물산,004060
SHD,001770
SIMPAC,009160
SNT모티브,064960
SPC삼립,005610
갤럭시아에스엠,011420
경동도시가스,267290
광동제약,009290
광전자,017900
국제약품,002720
금호석유화학,011780
금호타이어,073240
기업은행,024110
넥스틸,092790
넷마블,251270
대성에너지,117580
동양철관,008970
디와이,013570
롯데관광개발,032350
롯데에너지머티리얼즈,020150
롯데하이마트,071840
마스턴프리미어리츠,357430
미래에셋글로벌리츠,396690
백산,035150
부산주공,005030
삼성E&A,028050
삼성SDI,006400
삼아알미늄,006110
삼익THK,004380
삼익악기,002450
삼일제약,000520
삼화전기,009470
선진,136490
시알홀딩스,000480
쌍방울,102280
씨아이테크,004920
에스엘,005850
에스제이엠,123700
에이엔피,015260
에이피알,278470
에코프로머티,450080
영화금속,012280
원림,005820
유나이티드,033270
유니온,000910
유엔젤,072130
유유제약,000220
이마트,139480
이연제약,102460
인천도시가스,034590
인터지스,129260
일정실업,008500
제일파마홀딩스,002620
조광피혁,004700
조선선재,120030
지역난방공사,071320
진흥기업,002780
체시스,033250
코리안리,003690
코스맥스비티아이,044820
코아스,071950
태경비케이,014580
티웨이홀딩스,004870
하나투어,039130
하이스틸,071090
한국주철관공업,000970
한국카본,017960
한국토지신탁,034830
한국특강,007280
한독,002390
한샘,009240
한신기계공업,011700
한올바이오파마,009420
한일현대시멘트,006390
한컴라이프케어,372910
현대건설,000720
현대리바트,079430
현대위아,011210
현대제철,004020
현대홈쇼핑,057050
형지엘리트,093240
효성첨단소재,298050
휴비스,079980
흥국화재,000540
CBI,013720
CG인바이츠,083790
DGP,060900
DSC인베스트먼트,241520
HK이노엔,195940
JTC,950170
KB제25호스팩,455250
KG에코솔루션,151860
NEW,160550
RFHIC,218410
SG,255220
SG&G,040610
TS인베스트먼트,246690
가비아,079940
고려신용정보,049720
고바이오랩,348150
교보15호스팩,465320
국보디자인,066620
금양그린파워,282720
금화피에스시,036190
기산텔레콤,035460
나노캠텍,091970
네오이뮨텍,950220
네오팜,092730
네패스,033640
넥스턴바이오,089140
농우바이오,054050
뉴지랩파마,214870
대성창투,027830
대신밸런스제13호스팩,438220
대원산업,005710
대한과학,131220
더블유씨피,393890
더코디,224060
덕신이피씨,090410
데이타솔루션,263800
동양파일,228340
디어유,376300
디오,039840
디와이씨,310870
디이엔티,079810
디케이티,290550
딥마인드,223310
램테크놀러지,171010
러셀,217500
로보스타,090360
리더스코스메틱,016100
마니커에프앤지,195500
메드팩토,235980
메디콕스,054180
메쎄이상,408920
메타바이오메드,059210
모델솔루션,417970
모두투어,080160
모베이스,101330
모베이스전자,012860
미디어젠,279600
미래컴퍼니,049950
미스터블루,207760
바이오다인,314930
바이오로그디바이스,208710
바이젠셀,308080
버킷스튜디오,066410
범한퓨얼셀,382900
베노티앤알,206400
벨로크,424760
브랜드엑스코퍼레이션,337930
브이원텍,251630
비스토스,419540
비씨월드제약,200780
비엔케이제1호스팩,445360
비엘팜텍,065170
비엠티,086670
비큐AI,148780
빅텐츠,210120
삐아,451250
삼보판지,023600
삼일,032280
삼일기업공사,002290
삼진엘앤디,054090
삼표시멘트,038500
삼현철강,017480
삼화네트웍스,046390
새빗켐,107600
샘씨엔에스,252990
샤페론,378800
서울제약,018680
서희건설,035890
석경에이티,357550
세중,039310
소룩스,290690
소프트캠프,258790
솔고바이오,043100
솔트룩스,304100
스튜디오산타클로스,204630
시지트로닉스,429270
신도기연,290520
신라섬유,001000
신영스팩8호,430220
신진에스엠,138070
신한제11호스팩,452980
쎄니트,037760
아우딘퓨쳐스,227610
아이엘사이언스,307180
아이티엠반도체,084850
알에프텍,061040
알체라,347860
애머릿지,900100
앱클론,174900
에스씨엠생명과학,298060
에스앤더블류,103230
에스엠,041510
에스텍,069510
에스티큐브,052020
에이디테크놀로지,200710
에이스침대,003800
에이엘티,172670
에이직랜드,445090
에이텀,355690
에이프릴바이오,397030
에코앤드림,101360
엑스게이트,356680
엑스페릭스,317770
엔에이치스팩27호,440820
엔에이치스팩30호,466910
엔에프씨,265740
엔젯,419080
엘앤케이바이오,156100
엠아이텍,179290
엠에스씨,009780
엠에스오토텍,123040
엠플러스,259630
예선테크,250930
예스24,053280
오리엔탈정공,014940
오스코텍,039200
오스테오닉,226400
오파스넷,173130
올릭스,226950
와이엠텍,273640
우리손에프앤지,073560
우리엔터프라이즈,037400
우진비앤지,018620
월덱스,101160
웹케시,053580
유니온커뮤니티,203450
유니테크노,241690
유비쿼스,264450
유진스팩8호,413630
유틸렉스,263050
윤성에프앤씨,372170
이노시뮬레이션,274400
이랜시스,264850
이랜텍,054210
이수앱지스,086890
이스트아시아홀딩스,900110
이지바이오,353810
이지홀딩스,035810
인지디스플레,037330
인탑스,049070
인포바인,115310
제룡전기,033100
제이투케이바이오,420570
제일바이오,052670
지노믹트리,228760
지니뮤직,043610
지니언스,263860
지니틱스,303030
지더블유바이텍,036180
지어소프트,051160
지엔코,065060
지오릿에너지,270520
지티지웰니스,219750
차바이오텍,085660
카페24,042000
캠시스,050110
케스피온,079190
케어젠,214370
케이씨피드,025880
케이엔제이,272110
케이엠,083550
케이피에스,256940
코미코,183300
코셈,360350
코스텍시스,355150
코웰패션,033290
코콤,015710
퀀타매트릭스,317690
퀄리타스반도체,432720
큐브엔터,182360
크레오에스지,040350
키움제6호스팩,413600
테라사이언스,073640
텔콘RF제약,200230
톱텍,108230
티비씨,033830
티에스넥스젠,043220
팬젠,222110
팸텍,271830
포메탈,119500
푸른기술,094940
퓨쳐켐,220100
프럼파스트,035200
프로텍,053610
프롬바이오,377220
피제이전자,006140
피플바이오,304840
픽셀플러스,087600
하나27호스팩,448370
하나29호스팩,454640
하나31호스팩,469900
하나33호스팩,475250
한국알콜,017890
한국정밀기계,101680
한국캐피탈,023760
한국팩키지,037230
한솔인티큐브,070590
한양디지텍,078350
해성에어로보틱스,059270
핸디소프트,220180
현대공업,170030
현대바이오,048410
현우산업,092300
휴네시온,290270
휴림네트웍스,192410
흥국에프엔비,189980
다원넥스뷰,323350
마이크로엔엑스,448780
바이오인프라생명과학,266470
블루탑,191600
아이케이세미콘,149010
에이아이더뉴트리진,311960
이성씨엔아이,379390
제이엠멀티,254160
켈스,402420
큐엠씨,136660
한국미라클피플사,331660
CJ CGV,079160
GKL,114090
GS,078930
HDC현대산업개발,294870
HD현대건설기계,267270
HD현대미포,010620
HJ중공업,097230
HLB글로벌,003580
KG모빌리티,003620
KG케미칼,001390
LG,003550
LS,006260
NH올원리츠,400760
SKC,011790
SK가스,018670
SK바이오사이언스,302440
SK오션플랜트,100090
SK증권,001510
SK텔레콤,017670
SK하이닉스,000660
가온전선,000500
경동인베스트,012320
경보제약,214390
고려산업,002140
고려아연,010130
국도화학,007690
금강공업,014280
금양,001570
금호건설,002990
기신정기,092440
까뮤이앤씨,013700
넥센,005720
녹십자홀딩스,005250
다올투자증권,030210
대상,001680
대양금속,009190
대원화성,024890
대한전선,001440
대한제강,084010
도화엔지니어링,002150
동방아그로,007590
동서,026960
동일제강,002690
두산,000150
롯데렌탈,089860
롯데리츠,330590
롯데손해보험,000400
롯데쇼핑,023530
맥쿼리인프라,088980
미래에셋생명,085620
부국증권,001270
비에이치,090460
사조산업,007160
삼성공조,006660
삼성바이오로직스,207940
삼성생명,032830
삼성전기,009150
삼정펄프,009770
삼진제약,005500
삼화페인트공업,000390
새론오토모티브,075180
서흥,008490
성문전자,014910
성신양회,004980
성창기업지주,000180
세이브존I&C,067830
신라교역,004970
신세계인터내셔날,031430
신세계푸드,031440
신영증권,001720
씨에스윈드,112610
아이에스동서,010780
애경산업,018250
에스메디,118000
에이프로젠,007460
영원무역홀딩스,009970
오뚜기,007310
용평리조트,070960
유화증권,003460
이노션,214320
이엔플러스,074610
이지스레지던스리츠,350520
이화산업,000760
인지컨트롤스,023800
일동제약,249420
일신방직,003200
일양약품,007570
일진하이솔루스,271940
제일약품,271980
제일연마,001560
제주은행,006220
조광페인트,004910
종근당바이오,063160
지누스,013890
진양화학,051630
진에어,272450
케이카,381970
코오롱ENP,138490
태경케미컬,006890
태광산업,003240
태원물산,001420
테이팩스,055490
텔코웨어,078000
티케이지휴켐스,069260
평화산업,090080
풍산,103140
하나금융지주,086790
하나제약,293480
한국ANKOR유전,152550
한국금융지주,071050
한국철강,104700
한국항공우주,047810
한국화장품,123690
한국화장품제조,003350
한화리츠,451800
한화솔루션,009830
한화에어로스페이스,012450
한화엔진,082740
현대로템,064350
현대오토에버,307950
현대지에프홀딩스,005440
화승엔터프라이즈,241590
화인베스틸,133820
효성 ITX,094280
효성화학,298000
BGF에코머티리얼즈,126600
CJ ENM,035760
CSA 코스믹,083660
DMS,068790
HLB파나진,046210
SDN,099220
SM C&C,048550
SM Life Design,063440
TKG애강,022220
가온칩스,399720
강원에너지,114190
고영,098460
골드앤에스,035290
글로벌에스엠,900070
글로벌텍스프리,204620
나노씨엠에스,247660
나래나노텍,137080
나우IB,293580
네오위즈,095660
네이처셀,007390
노브랜드,145170
노블엠앤비,106520
뉴로메카,348340
뉴보텍,060260
뉴온,123840
뉴트리,270870
대동금속,020400
대동기어,008830
대륙제관,004780
대성파인텍,104040
대양전기공업,108380
대정화금,120240
대주산업,003310
대호특수강,021040
더라미,032860
덕산테코피아,317330
동국알앤에스,075970
동신건설,025950
동양에스텍,060380
동양이엔피,079960
듀오백,073190
드림인사이트,362990
디앤디파마텍,347850
디앤씨미디어,263720
디케이락,105740
디티앤씨,187220
링네트,042500
링크제니시스,219420
매일홀딩스,005990
메가스터디,072870
메가터치,446540
메디아나,041920
메디톡스,086900
메카로,241770
모비데이즈,363260
모아라이프플러스,142760
모아텍,033200
미래에셋드림스팩1호,442900
바이오에프디엔씨,251120
바이온,032980
뷰웍스,100120
블레이드 Ent,044480
비나텍,126340
비디아이,148140
비케이홀딩스,050090
비트나인,357880
비트컴퓨터,032850
산돌,419120
삼기,122350
삼륭물산,014970
삼보모터스,053700
삼지전자,037460
상상인인더스트리,101000
상상인제4호스팩,452670
새로닉스,042600
서부T&D,006730
서암기계공업,100660
서연탑메탈,019770
선진뷰티사이언스,086710
성도이엔지,037350
성일하이텍,365340
세화피앤씨,252500
셀루메드,049180
셀리버리,268600
쇼박스,086980
슈프리마에이치큐,094840
스마트솔루션즈,136510
스코넥,276040
스페코,013810
시그네틱스,033170
신일제약,012790
신테카바이오,226330
신한제12호스팩,474660
신한제13호스팩,474930
싸이버원,356890
쏘닉스,088280
씨씨에스,066790
씨아이에스,222080
씨에스베어링,297090
씨큐브,101240
아스타,246720
아이텍,119830
아이패밀리에스씨,114840
아티스트유나이티드,321820
안트로젠,065660
알비더블유,361570
알서포트,131370
알에프세미,096610
애드바이오텍,179530
앱코,129890
에스에스알,275630
에스엔유,080000
에이디칩스,054630
에이루트,096690
에이스테크,088800
에이치와이티씨,148930
에이텍,045660
엑셈,205100
엑시콘,092870
엔비티,236810
엔피디,198080
엘오티베큠,083310
엠젠솔루션,032790
영우디에스피,143540
예스티,122640
오로스테크놀로지,322310
오리콤,010470
오킨스전자,080580
오픈놀,440320
올리패스,244460
옴니시스템,057540
옵티팜,153710
와토스코리아,079000
우리산업,215360
우수AMS,066590
워트,396470
원익,032940
원익IPS,240810
원익QnC,074600
원풍,008370
웰킵스하이텍,043590
위메이드플레이,123420
윈텍,320000
윈하이텍,192390
윙입푸드,900340
유니크,011320
유아이엘,049520
유안타제12호스팩,446150
유안타제16호스팩,474490
유일에너테크,340930
유진로봇,056080
유투바이오,221800
유티아이,179900
이노시스,056090
이녹스,088390
이삭엔지니어링,351330
이스트소프트,047560
이엘씨,041520
이엠앤아이,083470
이오플로우,294090
인벤티지랩,389470
인피니트헬스케어,071200
일승,333430
자비스,254120
제이엔비,452160
제이엔케이글로벌,126880
제주반도체,080220
젬백스링크,064800
지놈앤컴퍼니,314130
지오엘리먼트,311320
지투파워,388050
진로발효,018120
체리부로,066360
칩스앤미디어,094360
카티스,140430
컴투스,078340
케어랩스,263700
케이바이오,038530
케이엠제약,225430
코나아이,052400
코다코,046070
코미팜,041960
코어라인소프트,384470
코텍,052330
쿠콘,294570
큐캐피탈,016600
탑코미디어,134580
테스,095610
티로보틱스,117730
티에프이,425420
파나케이아,058530
파로스아이바이오,388870
파루,043200
패션플랫폼,225590
펨트론,168360
포스뱅크,105760
푸드나무,290720
풍원정밀,371950
퓨런티어,370090
플랜티넷,075130
플리토,300080
피에스케이홀딩스,031980
하나금융21호스팩,406760
하나금융24호스팩,430230
하림지주,003380
한국가구,004590
한국비엔씨,256840
한국파마,032300
한성크린텍,066980
한일사료,005860
한화플러스제2호스팩,386580
헥토이노베이션,214180
협진,138360
화성밸브,039610
화신정공,126640
휴맥스,115160
휴비츠,065510
나라소프트,288490
럭스피아,092590
머니무브,179720
메디안디노스틱,233250
씨앤에스링크,245450
아하,102950
안지오랩,251280
에이치엔에스하이텍,044990
에피바이오텍,446440
엔지브이아이,093510
지앤이헬스케어,299480
크로넥스,215570
태양기계,116100
티엘엔지니어링,413300
AJ네트웍스,095570
DB손해보험,005830
HDC랩스,039570
HD현대인프라코어,042670
JB금융지주,175330
KB금융,105560
KR모터스,000040
KTcs,058850
NI스틸,008260
SH에너지화학,002360
SK네트웍스,001740
SK리츠,395400
SK아이이테크놀로지,361610
SK이노베이션,096770
STX중공업,071970
TP,007980
경방,000050
교촌에프앤비,339770
그린케미칼,083420
금호전기,001210
기아,000270
대신증권,003540
대창,012800
대한제당,001790
대호에이엘,069460
동부건설,005960
두산퓨얼셀,336260
디앤디플랫폼리츠,377190
마니커,027740
모나리자,012690
무학,033920
미원에스씨,268280
범양건영,002410
보해양조,000890
부광약품,003000
비비안,002070
비상교육,100220
빙그레,005180
사조씨푸드,014710
삼성에스디에스,018260
삼성제약,001360
삼성화재해상보험,000810
삼양식품,003230
삼양통상,002170
삼영무역,002810
삼일씨엔에스,004440
성보화학,003080
솔루스첨단소재,336370
솔루엠,248070
스타리츠,204210
신성통상,005390
신영와코루,005800
신원,009270
신풍제약,019170
신한알파리츠,293940
신흥,004080
써니전자,004770
아남전자,008700
아모레퍼시픽그룹,002790
아센디오,012170
엔에이치엔,181710
영원무역,111770
영흥,012160
예스코홀딩스,015360
우신시스템,017370
웅진씽크빅,095720
유니켐,011330
유수홀딩스,000700
자이에스앤디,317400
진양폴리우레탄,010640
참엔지니어링,009310
카카오뱅크,323410
코스모화학,005420
쿠쿠홀딩스,192400
크라운제과,264900
태양금속공업,004100
티에이치엔,019180
평화홀딩스,010770
플레이그램,009810
하이트진로,000080
한국가스공사,036460
한국내화,010040
한국쉘석유,002960
한국패러랠,168490
한세실업,105630
한솔홈데코,025750
한전기술,052690
한전산업,130660
한진,002320
한진중공업홀딩스,003480
한진칼,180640
한화투자증권,003530
현대비앤지스틸,004560
현대코퍼레이션홀딩스,227840
화승알앤에이,378850
화신,010690
황금에스티,032560
휴니드테크놀러지스,005870
APS,054620
AP헬스케어,109960
BF랩스,139050
CNH,023460
CS,065770
DB금융스팩11호,456440
HLB바이오스텝,278650
IBKS제20호스팩,439730
ITX-AI,099520
JW신약,067290
KCI,036670
KG이니시스,035600
NHN벅스,104200
PN풍년,024940
SOOP,067160
YBM넷,057030
광진실업,026910
그린리소스,402490
그린플러스,186230
금강철강,053260
나라엠앤디,051490
나무기술,242040
네온테크,306620
넵튠,217270
노바렉스,194700
녹원씨엔아이,065560
뉴인텍,012340
다날,064260
다우데이타,032190
대명소노시즌,007720
대보마그네틱,290670
대신밸런스제14호스팩,442310
대신밸런스제16호스팩,457630
대유,290380
더네이쳐홀딩스,298540
동구바이오제약,006620
동운아나텍,094170
동일철강,023790
드래곤플라이,030350
드림씨아이에스,223250
드림어스컴퍼니,060570
디에이피,066900
라온피플,300120
레뷰코퍼레이션,443250
로보로보,215100
로스웰,900260
룽투코리아,060240
마크로젠,038290
메가엠디,133750
메디포스트,078160
모니터랩,434480
모바일어플라이언스,087260
미래나노텍,095500
미래생명자원,218150
바이오스마트,038460
바텍,043150
베뉴지,019010
본느,226340
부방,014470
브릿지바이오,288330
브이티,018290
비보존 제약,082800
비비씨,318410
비아트론,141000
비엔케이제2호스팩,473370
비올,335890
비츠로셀,082920
비츠로테크,042370
비투엔,307870
빛샘전자,072950
사피엔반도체,452430
삼진,032750
삼현,437730
상보,027580
상신전자,263810
서울반도체,046890
서원인텍,093920
서전기전,189860
세동,053060
세종메디칼,258830
셀바스헬스케어,208370
셀바이오휴먼텍,318160
셀트리온제약,068760
소니드,060230
수젠텍,253840
스톰테크,352090
스튜디오삼익,415380
시노펙스,025320
신라젠,215600
신스틸,162300
신원종합개발,017000
신한제9호스팩,405640
싸이토젠,217330
쎌바이오텍,049960
씨유메디칼,115480
씨유테크,376290
씨젠,096530
씨티케이,260930
아모그린텍,125210
아이디스홀딩스,054800
아이센스,099190
아이오케이,078860
아이윈플러스,123010
아이톡시,052770
아주IB투자,027360
압타머사이언스,291650
압타바이오,293780
액트로,290740
어스앤에어로스페이스,263540
얼라인드,238120
에스비비테크,389500
에스에프에이,056190
에스폴리텍,050760
에이치엘사이언스,239610
에이티세미콘,089530
오공,045060
오리엔트정공,065500
오상헬스케어,036220
오성첨단소재,052420
오토앤,353590
오하임앤컴퍼니,309930
옵트론텍,082210
옵티코어,380540
와이바이오로직스,338840
와이엔텍,067900
와이엠,007530
우리기술투자,041190
우리넷,115440
우리바이오,082850
우정바이오,215380
웨이버스,336060
웰크론한텍,076080
위니아에이드,377460
위드텍,348350
위지트,036090
윈스,136540
윈팩,097800
유라테크,048430
유신,054930
유아이디,069330
유안타제11호스팩,444920
유안타제15호스팩,473050
육일씨엔에쓰,191410
이건홀딩스,039020
이노와이어리스,073490
이녹스첨단소재,272290
이베스트투자증권,078020
이트론,096040
인산가,277410
인성정보,033230
인스웨이브시스템즈,450520
인카금융서비스,211050
인터엠,017250
인터플렉스,051370
인텍플러스,064290
일진파워,094820
정다운,208140
제노레이,122310
제노포커스,187420
제이스텍,090470
제이아이테크,417500
제이오,418550
제이티,089790
제일테크노스,038010
중앙백신,072020
지니너스,389030
진바이오텍,086060
차백신연구소,261780
카나리아바이오,016790
케이비제21호스팩,424140
케이씨에스,115500
케이엔솔,053080
켐트로스,220260
코난테크놀로지,402030
코닉오토메이션,391710
코리아에프티,123410
코세스,089890
코오롱티슈진,950160
콜마비앤에이치,200130
큐렉소,060280
키네마스터,139670
탑엔지니어링,065130
테크윙,089030
토비스,051360
트루엔,417790
트윔,290090
특수건설,026150
티플랙스,081150
파두,440110
파세코,037070
파인디지털,038950
판타지오,032800
팜스토리,027710
폰드그룹,472850
푸드웰,005670
푸른소나무,057880
풍강,093380
풍국주정,023900
프레스티지바이오로직스,334970
프리시젼바이오,335810
플래티어,367000
피씨디렉트,051380
필옵틱스,161580
하나32호스팩,475240
하나기술,299030
하이소닉,106080
하이제7호스팩,400840
한국경제TV,039340
한국전자금융,063570
한솔아이원스,114810
한양이엔지,045100
현대무벡스,319400
현대에버다임,041440
화인써키트,127980
휴림에이텍,078590
EMB,278990
디피코,163430
로보쓰리에이아이,238500
루켄테크놀러지스,162120
메디젠휴먼케어,236340
미래엔에듀파트너,208890
미쥬,351020
씨엔티드림,286000
아이엠지티,456570
애니메디솔루션,390110
엄지하우스,224810
에스알바이오텍,270210
에이펙스인텍,207490
엘에이티,311060
이노벡스,279060
제노텍,066830
지슨,289860
카이바이오텍,446600
큐라켐,456190
플럼라인생명과학,222670
CJ대한통운,000120
DB하이텍,000990
DN오토모티브,007340
F&F 홀딩스,007700
GS리테일,007070
HD현대,267250
HD현대에너지솔루션,322000
HL D&I,014790
HL홀딩스,060980
HS애드,035000
KG스틸,016380
KIB플러그에너지,015590
KTis,058860
LF,093050
LG디스플레이,034220
LG이노텍,011070
LG헬로비전,037560
LS네트웍스,000680
POSCO홀딩스,005490
SNT에너지,100840
SNT홀딩스,036530
경인전자,009140
계양전기,012200
광주신세계,037710
깨끗한나라,004540
남광토건,001260
넥센타이어,002350
노루페인트,090350
노루홀딩스,000320
농심홀딩스,072710
다스코,058730
대덕전자,353200
대림통상,006570
대우건설,047040
대우부품,009320
대유에이텍,002880
대한화섬,003830
대현,016090
동국씨엠,460850
동국홀딩스,001230
동방,004140
동성제약,002210
동양생명,082640
드림텍,192650
롯데정밀화학,004000
롯데지주,004990
롯데칠성음료,005300
만호제강,001080
무림페이퍼,009200
문배철강,008420
바이오노트,377740
방림,003610
백광산업,001340
삼성물산,028260
삼성전자,005930
삼화전자공업,011230
상상인증권,001290
샘표식품,248170
세방,004360
세방전지,004490
세아베스틸지주,001430
세아제강,306200
세아홀딩스,058650
세원이앤씨,091090
세진중공업,075580
시디즈,134790
신도리코,029530
신성이엔지,011930
에스원,012750
에스케이바이오팜,326030
엔씨소프트,036570
엘앤에프,066970
엠씨넥스,097520
영보화학,014440
우리금융지주,316140
우진플라임,049800
웰바이오텍,010600
유성기업,002920
이리츠코크렙,088260
일성아이에스,003120
일진전기,103590
전방,000950
제이준코스메틱,025620
조선내화,462520
케이씨,029460
케이씨씨글라스,344820
코람코더원리츠,417310
코리아써키트,007810
코오롱글로벌,003070
코오롱인더,120110
콘텐트리중앙,036420
콜마홀딩스,024720
태경산업,015890
토니모리,214420
퍼스텍,010820
퍼시스,016800
포스코DX,022100
포스코스틸리온,058430
풀무원,017810
풍산홀딩스,005810
한국공항,005430
한미반도체,042700
한세예스24홀딩스,016450
한솔로지스틱스,009180
한신공영,004960
한양증권,001750
한화,000880
한화시스템,272210
핸즈코퍼레이션,143210
현대약품,004310
호전실업,111110
호텔신라,008770
환인제약,016580
효성중공업,298040
효성티앤씨,298020
후성,093370
AP시스템,265520
AP위성,211270
EG,037370
ES큐브,050120
HB인베스트먼트,440290
HLB이노베이션,024850
KG모빌리언스,046440
KH 건설,226360
LB세미콘,061970
NHN KCP,060250
SBI핀테크솔루션즈,950110
SK증권제9호스팩,455910
SV인베스트먼트,289080
경창산업,024910
고려시멘트,198440
고려제약,014570
골든센츄리,900280
광림,014200
교보13호스팩,440790
국순당,043650
국일신동,060480
글로본,019660
기가비스,420770
나노,187790
나노브릭,286750
나노팀,417010
나이스디앤비,130580
나인테크,267320
네오리진,094860
네오크레마,311390
네오펙트,290660
넥스트아이,137940
넥슨게임즈,225570
노랑풍선,104620
녹십자엠에스,142280
누보,332290
뉴프렉스,085670
대명에너지,389260
대모,317850
대한약품,023910
더테크놀로지,043090
덕산네오룩스,213420
덱스터,206560
도이치모터스,067990
동국산업,005160
동우팜투테이블,088910
동일금속,109860
동일기연,032960
디와이디,219550
디지털대성,068930
라파스,214260
레몬,294140
레이언스,228850
레이저옵텍,199550
레인보우로보틱스,277810
리노공업,058470
리튬포어스,073570
린드먼아시아,277070
마이크로투나노,424980
머큐리,100590
메디앙스,014100
모트렉스,118990
미래반도체,254490
미래에셋비전스팩2호,446190
미코,059090
미투온,201490
바이넥스,053030
바이오솔루션,086820
박셀바이오,323990
백금T&A,046310
버넥트,438700
뷰티스킨,406820
브리지텍,064480
비덴트,121800
비유테크놀러지,230980
빛과전자,069540
삼성스팩7호,439250
삼영이엔씨,065570
서산,079650
서울옥션,063170
선바이오,067370
세명전기,017510
셀바스AI,108860
솔본,035610
수산아이앤티,050960
수성웹툰,084180
슈어소프트테크,298830
슈피겐코리아,192440
스피어파워,203690
승일,049830
시스웍,269620
신신제약,002800
신영스팩9호,445970
싸이맥스,160980
쎄노텍,222420
씨앤씨인터내셔널,352480
씨앤지하이테크,264660
아난티,025980
아미노로직스,074430
아비코전자,036010
아이디피,332370
아이비김영,339950
아이엠티,451220
아이윈,090150
알파홀딩스,117670
애닉,299910
야스,255440
에브리봇,270660
에스트래픽,234300
에스티오,098660
에스피지,058610
에이스토리,241840
에이치시티,072990
에이치케이,044780
에이치피오,357230
에이테크솔루션,071670
에이텍모빌리티,224110
에치에프알,230240
에코마케팅,230360
에코볼트,097780
에코프로비엠,247540
엔에이치스팩23호,422040
엔에이치스팩24호,437780
엔젠바이오,354200
엔투텍,227950
엘앤씨바이오,290650
엠게임,058630
엠로,058970
엠아이큐브솔루션,373170
엠투엔,033310
영풍정밀,036560
영화테크,265560
오브젠,417860
오이솔루션,138080
오텍,067170
옵티시스,109080
와이씨,232140
와이어블,065530
와이팜,332570
우듬지팜,403490
우리로,046970
우원개발,046940
원익피앤이,217820
원텍,336570
원풍물산,008290
위메이드,112040
위즈코프,038620
유니셈,036200
유니슨,018000
유니테스트,086390
유바이오로직스,206650
유비케어,032620
유안타제14호스팩,450940
유안타제9호스팩,430700
율촌,146060
이글벳,044960
이브이첨단소재,131400
이스트에이드,239340
이씨에스,067010
이엔에프테크놀로지,102710
이엘피,063760
이엠코리아,095190
이엠텍,091120
이큐셀,160600
인콘,083640
제넨바이오,072520
제놀루션,225220
제이엘케이,322510
제일엠앤에스,412540
제주맥주,276730
젬백스,082270
주성엔지니어링,036930
중앙에너비스,000440
지아이텍,382480
지에스이,053050
진시스템,363250
카이노스메드,284620
컴투스홀딩스,063080
케이사인,192250
케이알엠,093640
케이에스피,073010
케이엔알시스템,199430
케이엠더블유,032500
케이피엠테크,042040
코렌텍,104540
코리아나,027050
코스맥스엔비티,222040
코아스템켐온,166480
코엔텍,029960
코위버,056360
코퍼스코리아,322780
큐로홀딩스,051780
크레버스,096240
클라우드에어,036170
클리오,237880
타이거일렉,219130
토마토시스템,393210
트루윈,105550
티쓰리,204610
티앤알바이오팹,246710
티앤엘,340570
티케이케미칼,104480
파라텍,033540
파버나인,177830
파워넷,037030
파크시스템스,140860
팬스타엔터프라이즈,054300
퓨처코어,151910
피엠티,147760
필에너지,378340
핌스,347770
핑거스토리,417180
하림,136480
하이드로리튬,101670
하이비젼시스템,126700
하츠,066130
한국유니온제약,080720
한국제12호스팩,458610
한선엔지니어링,452280
한송네오텍,226440
한스바이오메드,042520
한주라이트메탈,198940
해성옵틱스,076610
헥토파이낸셜,234340
헬릭스미스,084990
현대이지웰,090850
휴마시스,205470
휴맥스홀딩스,028080
휴젤,145020
광동헬스바이오,086220
대주이엔티,114920
무진메디,322970
볼빅,206950
에이원알폼,234070
엔에스컴퍼니,224760
이비테크,208850
이앤에치,341310
지에프씨생명과학,388610
큐러블,086460
타스컴,336040
테크엔,308700
파워풀엑스,266870
펨토바이오메드,327610
한중엔시에스,107640
